id,firstName,lastName,age
1,Loree,Senten,6335147726
2,Chic,Blader,7620334416
3,Granger,Cattrell,7533096053
4,Conrade,Langford,1114433225
5,Faustina,Faux,8735133791
6,Robbert,Bolderson,6956632233
7,Nicol,Beecker,6208160863
8,Uriah,McPaik,3855473684
9,Emilio,Purple,5704644872
10,Juliette,Tague,8231034404
11,Jodie,Gallally,5776047285
12,Bernardo,Revely,4415754805
13,Edita,Hrachovec,9438174796
14,Johnny,Loxley,5756734996
15,Marj,McCafferty,2093678896
16,Griselda,Reichert,8792428150
17,Currey,Dykas,3359483782
18,Jacquetta,Riggulsford,1304646653
19,Cleopatra,Kinnar,3594384934
abc,Alisun,Gothup,asd
21,Reamonn,Thwaites,5816169122
22,Veda,Piatkow,3589651431
23,Phylys,Lortzing,8678009497
24,Danna,Chasier,5473978460
25,Jenni,Kohneke,2506442952
26,Lorens,Harmon,4490691556
27,Sawyer,Dmisek,8597386150
28,Ahmed,Coo,3334493679
29,Molly,Ochiltree,2196675474
30,Felicdad,Faughey,1129444503
31,Rem,Spoor,5012328248
32,Derek,Goodhay,4416349874
33,Connor,Baynon,0427412315
34,Rudyard,Causer,1811872727
35,Collette,McKenny,8686651321
36,Alison,Blackney,7309085272
37,Annabel,Castellanos,6197433796
38,Dehlia,Lamberton,4703046881
39,Bone,Hoggins,7175131690
40,Tabby,Taillant,3451390272
41,Terese,Zuker,5163734210
42,Parnell,Heibel,9823274894
43,Arther,Wooland,9780384677
44,Theodore,Winslow,6645524587
45,Thatch,Undy,6992485814
46,Freeland,Gurner,8410982536
47,Emyle,Serjent,1772960780
48,Mona,Attle,6387204666
49,Barbra,Greet,6162728552
50,Kissiah,Pinel,3371101754
51,Xylia,Raine,8988503457
52,Fawn,Abercrombie,1631411616
53,Gaynor,Grew,6893859376
54,Chrissy,Grimestone,9882049907
55,Leodora,Renner,3889610021
56,Kary,Yegorkov,7116504575
57,Idette,Antrack,6016979600
58,Nicolina,Laviste,3657738576
59,Denni,Adamov,2695801327
60,Pepita,Enderwick,5994088536
61,Ileane,Taylot,9229678767
62,Kirby,Ferri,1491161981
63,Robbi,McVittie,1026090814
64,Reine,Lathy,8364255517
65,Zack,Temperley,1774490331
66,Lynelle,Tejero,0957093985
67,Margit,Carles,8332444799
68,Minnie,Wallington,0499854233
69,Lesley,O'Hanley,6771955311
70,Salomone,Madison,6683612765
71,Cherye,Ferneyhough,5304657446
72,Karlen,Lettice,4162428646
73,Lorens,Whitwell,9939493118
74,Ripley,Molder,5578905994
75,Rowney,Sargent,3993860810
76,Jess,Vigrass,1268369659
77,Bethena,De Leek,9987523439
78,Emalee,Summerrell,3758290724
79,Colet,Coiley,7800363031
80,Lorraine,Creagh,7086353531
81,Orland,Bembrick,7379924265
82,Chrissy,McCambrois,7485747983
83,Vinita,Witty,9628894242
84,Austine,Geikie,1183828659
85,Christos,Strowan,8536149639
86,Warde,De Castri,8028803334
87,Boot,Purviss,2069900819
88,Mersey,Saura,4089459850
89,Sandy,Sineath,4851258119
90,Horacio,Betz,6141979823
91,Hymie,Studde,7140618143
92,Rochelle,Henrys,5557352511
93,Lotty,Davenell,2055922599
94,Sindee,MacRury,9684154925
95,Molly,Fraczkiewicz,0602365821
96,Erina,Degoe,1034514423
97,Anallise,Salvage,9459333559
98,Onfroi,Durnall,8796204028
99,Phylys,Gatcliff,9432620980
100,Glory,Schiesterl,7009682801
101,Ash,Bird,1993814485
102,Urbanus,Hamshar,2578664951
103,Julian,Kilford,9560049240
104,Geri,Gibbens,9073890845
105,Shirleen,Skyrm,5833841429
106,Gar,Vakhrushev,9933738569
107,Melvin,Ioselev,7738430362
108,Wallis,Brodnecke,5321679878
109,Sandye,Benne,4216536271
110,Lexine,Dechelle,7480472773
111,Lita,Jull,0552756601
112,Shepherd,Bullas,2519844663
113,Tonye,Sirrell,5311149086
114,Percy,Ventris,4662852986
115,Hardy,McCoughan,0930750063
116,Hana,Dutton,0776837788
117,Mariejeanne,Pues,4399398841
118,Cosme,Tester,9206828592
119,Katey,Bentinck,5436478794
120,Belinda,Raoux,5221491672
121,Westley,Bounds,1662984855
122,Antonia,Tatton,4129804197
123,Ibbie,Mulrean,5180933099
124,Reynard,Westover,0094794138
125,Roddie,Pattington,5402698872
126,Skip,Mumberson,0815975465
127,Balduin,Giamelli,2708886460
128,Abraham,Bampforth,7445145788
129,Ema,Claw,5616999393
130,Thorstein,Ganiclef,0258527196
131,Pandora,Bamling,5590191580
132,Geoffrey,Sparway,5923733188
133,Creigh,Jagels,1425598153
134,Dulsea,Saing,6161322471
135,Seamus,Tranckle,2381415793
136,Rufus,Brennen,6630834232
137,Joseph,Auten,0227560302
138,Janka,Sutterby,8840434666
139,Emile,Beaconsall,3904979841
140,Averil,Warnock,3966522497
141,Terri,Kelwaybamber,8382815170
142,Saundra,Moverley,7441765056
143,Lukas,Grumbridge,7382990737
144,Norry,Pre,2180343906
145,Lanny,Albone,2830222636
146,Janith,Madge,4832714295
147,Darsey,Belly,0174385188
148,Ricky,Schwartz,5991924147
149,Keenan,Bremeyer,0574603042
150,Rafaelia,Tolomio,0017572002
151,Budd,Heaysman,9473686501
152,Mick,Hawtry,7095911142
153,Ekaterina,Biles,8376855131
154,Aloise,Goodfellow,2330126883
155,Danita,Langan,7113941869
156,Aeriel,Lawry,6371398431
157,Justus,Goucher,3011447217
158,Hinda,Sivil,4414100658
159,Morena,Collinwood,5372677694
160,Genvieve,Caswall,3283758077
161,Anne,Fer,9964262388
162,Ryon,Legan,8395405480
163,Wini,Basire,2541977611
164,Rayna,Avrashin,4131314479
165,Linnell,Cunnington,9576113857
166,Tessi,Winkworth,2278725068
167,Clo,Cripin,8107678001
168,Sandro,Gitsham,1976839688
169,Johnny,Darrach,5565063345
170,Bertina,Rodrig,2776827962
171,Randene,Lenney,2638048925
172,Vinny,Bratten,5094381148
173,Bertina,Withringten,2414177608
174,Caprice,Currell,2636831711
175,Evelin,Rizon,5244542478
176,Shirl,Steabler,6468872707
177,Melania,Nickerson,1487018681
178,Vladimir,Gauler,7195452301
179,Dunc,Janoch,2624888217
180,Burg,Westphal,5046344106
181,Dmitri,De Cleen,9907187178
182,Zed,Hamper,1680259482
183,Barnaby,Caff,8325343702
184,Ericha,Barnsdale,7522240093
185,Wallie,Madrell,9522548626
186,Fay,Osgardby,9204549912
187,Lauri,Gittings,7332471191
188,Billye,Hammerich,1741433436
189,Mile,Calderon,7355367218
190,Frederico,De Biasio,0360473032
191,Karlis,Thor,0375288031
192,Rolf,Ambrosio,3196759857
193,Tabatha,Hischke,5263926510
194,Flin,Raxworthy,8442041575
195,Nissy,Dinse,1326148494
196,Tobit,Maria,8574736090
197,Thatch,Ceci,4573269886
198,Khalil,Purvess,9719702966
199,Lanni,Arington,8375596388
200,Riley,Bewshea,0382437799
201,Zahara,Ruppeli,0295615214
202,Salvador,Birrane,3735598455
203,Jone,McGoon,8830998508
204,Batsheva,Poulett,4790981800
205,Tobey,Honacker,8457274724
206,Bettina,Deelay,6505991034
207,Basil,Barfford,2460593899
208,Dorita,Lowdeane,9258378911
209,Adelbert,Berks,4468151986
210,Shoshanna,Franceschino,9709047086
211,Colan,Nevins,1286814383
212,Cindie,Wooder,9736238490
213,Josi,Garrish,1237623928
214,Syman,Blacksell,4047833983
215,Al,Edmons,8847978858
216,Ramonda,Puig,6882864373
217,George,Elvidge,2035955017
218,Verile,Raccio,8930279546
219,Inger,Tremblay,6369120987
220,Ania,Feuell,9871418310
221,Guenna,Scoggan,5559494488
222,Sydney,Abrahamian,9627184977
223,Ranice,Crafts,1890186716
224,Effie,Dilley,0885393074
225,Lulita,Pizey,2891918568
226,Lorrie,Ottey,8112273502
227,Constantine,Shergold,0055936628
228,Janie,Lowy,8401904765
229,Nathalie,Sherreard,1539920690
230,Tobye,Bradbrook,2621973655
231,Tailor,Ilewicz,0889527873
232,Dani,Setterthwait,3760248225
233,Martica,Boulsher,1267654503
234,Morganica,Mapplebeck,9619125312
235,Averill,Wastall,7157154447
236,Trude,Samweyes,2350560333
237,Lin,Chidgey,3757803175
238,Brose,Sellan,2847983163
239,Ottilie,Kegan,4016200709
240,Kylen,McGinn,0734243596
241,Roana,Copin,6616437604
242,Eartha,Lakes,3066805816
243,Phedra,Levicount,9179612814
244,Lori,Gotcher,8555752043
245,Joelie,Epinoy,0775718718
246,Tamarah,Derges,4459927950
247,Guillaume,Geikie,3834173533
248,Wenda,Wherton,0788387812
249,Egbert,Tremontana,3786694427
250,Joete,Ashburne,8963939006
251,Richard,Birk,4847830016
252,Alyse,Meace,3844169881
253,Kendall,Bellamy,7443237103
254,Donetta,Gammidge,2556266341
255,Joyan,Joule,4447023253
256,Rivi,Veneur,2251981330
257,Theodore,Vasnev,8242162301
258,Ashlan,Zeplin,3141489076
259,Beauregard,Takle,4135424325
260,Blinny,Bodman,0939126117
261,Harald,Basnett,8481493856
262,Rona,Hugnin,9478013521
263,Annie,Douse,4002526569
264,Merrel,Pearsall,9067934151
265,Jaimie,Hallwell,3829310404
266,Gram,Osmant,3997818703
267,Sherry,Streets,7653771920
268,Debby,Sweating,5575767841
269,Kylie,Licence,7068538274
270,Bertrand,Goford,4942674557
271,Chase,Nunnerley,9512589885
272,Margot,Walkinshaw,9711691930
273,Shirl,Cohen,1178955621
274,Kaine,Bickerstaff,6873369586
275,Delano,Caskie,5184838384
276,Jeanie,Fischer,1803876565
277,Christabella,Le Sieur,5647495303
278,Erhart,Grent,5382230218
279,Edgardo,Fitzackerley,7505238906
280,Susana,Chaundy,6542623728
281,Roxanna,McVitie,7778436256
282,Olenka,Try,7106987271
283,Tilda,Lyddiatt,9161101583
284,Arlin,Perroni,1943811377
285,Brenden,Mowbury,7270942617
286,Mercy,Pordall,2846722226
287,Roseline,Seiller,5370040702
288,Lyman,Shippard,8762021842
289,Seymour,Doughartie,5584009016
290,Salem,Maffucci,2554144494
291,Leonard,Botwood,5353061020
292,Henryetta,Blundell,1391644638
293,Clemmy,Mulles,2296398278
294,Jenine,Norville,0105440329
295,Kally,Gobourn,1563279878
296,Keven,Holdworth,9973262085
297,Cornelia,Smithend,4524356819
298,Anatola,Billson,8878676535
299,Guglielma,Tonbye,9577976565
300,Lorrie,Jirieck,2803301164
301,Cindi,Harroll,9738845831
302,Westbrook,Ohrtmann,9837364084
303,Colette,Nevinson,3387681585
304,Joycelin,Theseira,0653380542
305,Wendye,Buney,3465075617
306,Cornelia,Heathcote,5612059949
307,Cate,Bernakiewicz,4056866457
308,Colan,Starr,7073983019
309,Luis,Cleaves,7093520537
310,Jessy,Covert,8925194058
311,Kele,Painter,1194574807
312,Calley,Petrakov,9727547834
313,Carlyle,Booty,0727157833
314,Ariel,Hordle,2115058356
315,Birk,Emer,0458630586
316,Daune,Calf,7269522715
317,Victoir,Michie,1669263363
318,Kristopher,Clinnick,5389400984
319,Linc,Cathesyed,2162035359
320,Angela,Durtnell,2971962296
321,Vlad,Orts,5159894713
322,Emma,Laflin,9828427028
323,Ellery,Smolan,0993275508
324,Delora,Stote,6862008706
325,Chrotoem,Balfe,0502296658
326,Walliw,Limpricht,2585565769
327,Gianni,Linsey,5811374046
328,Elbertina,Killshaw,0577028553
329,Tommy,Nisby,1012784983
330,Samson,Branch,3901162771
331,Emanuele,Ely,6555718838
332,Iago,Whorton,3544634244
333,Francine,Kerbler,8311419590
334,Maire,Coyne,1479837792
335,Claudette,Ganniclifft,5672257801
336,Clemmie,Gun,5531555342
337,Arlette,Spurrier,1229854169
338,Morie,Obee,5131751713
339,Sydney,Ughini,0572336187
340,Mirella,Kilsby,4516172445
341,Saul,Colbourne,3704198307
342,Lazar,Titterington,3560982952
343,Darsie,Paunsford,5051279260
344,Jonah,Grimston,8432675164
345,Evelyn,Stebles,0640422853
346,Penni,Gaiger,1361525568
347,Jobie,Boshell,9985811690
348,Isacco,Aldwick,6262281673
349,Willi,Larenson,9889423049
350,Sande,Rentoll,1357193394
351,Katharine,Elizabeth,7432282811
352,Man,Howis,2968195212
353,Fidole,Domokos,9090288163
354,Stefania,Bentham3,4589502275
355,Gustaf,Petric,3101901685
356,Massimo,Kelleway,1216466491
357,Elnar,Reck,6605649753
358,Zorana,Shrimpling,7076318970
359,Wendy,McGown,4836910471
360,Kyle,Brason,1004512325
361,Tierney,Lodevick,6608465815
362,Byran,Drinkwater,1886945365
363,Lauritz,Antonnikov,8306873823
364,Cinderella,Thewlis,7924618465
365,Erastus,Mattam,2377397395
366,Sandor,Gobat,6411643059
367,Serena,Futty,6184917056
368,Dexter,Hudspeth,4396238754
369,Edin,Fust,0761171266
370,Karmen,Teal,2450325700
371,Anna-diane,MacFaul,9829396231
372,Mel,Dyble,4626067557
373,Jaquenette,Sansom,3604468817
374,Fania,McNeil,6510603179
375,Ida,Kaasmann,6859423137
376,Orel,Murrill,1385685115
377,Ritchie,Hedden,4825317324
378,Der,Tulleth,5997350835
379,Kipp,Bownde,0081304021
380,Betta,Havesides,3937726578
381,Ara,Traite,3502962707
382,Marlo,Pero,1979817499
383,Bab,Sutherel,0648354490
384,Olive,Master,6747935233
385,Lorry,Crosetti,6653205487
386,Eddie,Lockwood,5022609630
387,Yorker,Puxley,0355148838
388,Roseanne,Grzeszczak,2881341950
389,Asa,Dunton,1921347279
390,Kym,Balnave,0559127146
391,Gael,Ettles,0613198980
392,Arvie,Wyndham,1613066910
393,Madlin,Stellin,4767230462
394,Archibaldo,Speeks,5065723311
395,Letizia,Wilmut,1853573515
396,Joye,Housego,1413383637
397,Josh,Rawes,9016538402
398,Zita,Duinbleton,4399108053
399,Kate,Triplow,5832840755
400,Doll,Luff,5669516389
401,Barry,Elderton,1402989318
402,Gerti,Enriquez,4691504885
403,Charil,Girdwood,6401657103
404,Wendi,Powers,8661520371
405,Noam,Ilden,7688184347
406,Fanni,Babe,0783056036
407,Coletta,Cussen,3319770780
408,Les,Peret,7907361672
409,Helena,Philippard,3852467055
410,Pammy,Thomlinson,1865795968
411,Aubrey,Giberd,6317454388
412,Ham,MacCarrick,7863444330
413,Robena,Van,2224756224
414,Legra,Olle,6686369047
415,Aristotle,Brindley,1281158682
416,Lorrie,Branney,2010850637
417,Sofie,Broadbury,6288857327
418,Sibley,Welbrock,8177740121
419,Glyn,Helks,7472902926
420,Caryl,Beeres,0013265873
421,Katrina,Likly,6650290068
422,Pall,Extil,7659315935
423,Zelig,Lohrensen,6450473010
424,Kenton,McKue,2407426010
425,Reba,Eglinton,2760792404
426,Birch,Appleford,2890236684
427,Lyell,Fiddymont,0059293500
428,Mortie,Curgenuer,2682318010
429,Cyb,Shickle,3646693223
430,Erwin,Padell,2379926506
431,Alejandro,Gero,6296457316
432,Bill,Wadge,0107430215
433,Deanna,Pidgeley,9328339065
434,Bendix,Toupe,2746354365
435,Ibrahim,McNiff,0025584278
436,Yevette,Vanyushin,0388762381
437,Artemas,Attwill,6605215001
438,Madelaine,McAlinden,6385134849
439,Codi,Hallin,1256259098
440,Lockwood,McCall,4430012725
441,Natividad,McKenzie,2361426900
442,Veradis,Rowson,2126988554
443,Eirena,Kenen,5012062116
444,Pearle,Levet,1955898855
445,Lydie,Cosgry,4289510957
446,Marge,Aleksahkin,6885017558
447,Oswald,Tolcharde,3122674424
448,Fianna,Moon,8722095837
449,Aldridge,Amer,3489114604
450,Janet,Mogie,1612237444
451,Orelie,Whyman,9461155611
452,Marje,Chattaway,7092908388
453,Jennee,Brandes,7258309683
454,Sharline,Rudledge,0141415878
455,August,Maymond,0833545248
456,Lon,Fancourt,1113584386
457,Celene,Snalum,3199378706
458,Marcelline,Thoumas,9412083653
459,Alikee,Tattam,2937244351
460,Hughie,Scotcher,8633099543
461,Bernie,Braunds,3712263333
462,Marlon,Hinzer,3160617130
463,Garret,Martinetto,7427690478
464,Bram,Heinzler,4394678145
465,Roland,Soldi,1324644745
466,Howie,Cocking,0919858147
467,Norrie,Kalkofer,1705986676
468,Joline,Banfill,2784826384
469,Elsworth,Tiebe,5053252114
470,Onida,Cornew,3522954939
471,Kandace,Ducket,5513081105
472,Ailey,Friman,6426065153
473,Piggy,Rosiello,9161817066
474,Madeline,Dimmack,5644560872
475,Xena,Schimpke,6562355354
476,Vita,Jobes,1417083158
477,Korrie,Sworn,1872591507
478,Ottilie,Bream,0606838252
479,Jorry,Loggie,3079573250
480,Maureene,Nannizzi,6680999634
481,Andrea,Spellessy,3944450582
482,Bernie,Kirwin,1745803815
483,Orran,Tschursch,3910056016
484,Al,Limpkin,3610838779
485,Klarika,Rushby,2610234716
486,Melisse,Iglesia,1256237035
487,Elfie,O'Corrigane,8397758984
488,Nolan,Elcocks,8755716474
489,Nina,Orringe,3763183450
490,Pamella,Rendbaek,6061129904
491,Agnola,Redmell,4656164593
492,Perrine,Layzell,4950324233
493,Tanitansy,Grigs,3611232130
494,Eada,Hedon,9893973929
495,Celine,Healeas,0608057584
496,Bettine,Scoines,0697916111
497,Quint,Playdon,6855298532
498,Roma,Dancer,6718860484
499,Bradford,Pimm,9045952270
500,Shandie,Ingledew,1299796613
501,Jean,Symson,5007330264
502,Fons,Ripper,3960831323
503,Luella,Phillips,6164768802
504,Gale,Sandells,8557165889
505,Peyton,Burgne,7871235427
506,Ignaz,Bruyett,6021003713
507,Giusto,Westwood,9081343106
508,Alexine,Warde,6375073529
509,Yolanthe,Joslin,4908674736
510,Sophey,Davis,6577644462
511,Giordano,Trouncer,6963039038
512,Saraann,Spedding,8431996935
513,Jaclyn,Brogden,9998066743
514,Angeline,Samsworth,4942631874
515,Caterina,Mucci,3527072799
516,Dorette,Walczak,8589962199
517,Maryjane,McGowan,1908720468
518,Marja,Coggin,2986019641
519,Dolli,Edgley,9014628536
520,Glennis,Bellchamber,6820907710
521,Burr,Woodrup,1567827896
522,Risa,Robardet,8452052278
523,Bernhard,Boyd,7383559983
524,Gabriela,Poulter,7355439898
525,Shayla,Thurner,0346652340
526,Nat,Dibbe,2782075063
527,Monro,Helleckas,4931348300
528,Abelard,Oneile,6869008388
529,Brok,Phillot,6931474057
530,Nonie,Woolam,9379828381
531,Harwell,Battey,2854694163
532,Jules,Trenouth,5570479317
533,Loretta,Payne,8725016393
534,Godfree,Barends,4005406203
535,Devin,Cahalan,9808523242
536,Jordan,Marrington,4474945387
537,Chan,Vosse,0788063758
538,Robbi,Garr,4476011608
539,Aymer,Plaschke,7345822214
540,Adriano,Brill,2367855374
541,Helen,Rockwill,4535076456
542,Orly,Lound,7286028987
543,Brockie,Jenson,5277099778
544,Yves,Ash,9815354094
545,Del,Biner,5555450141
546,Bianca,Doolan,0083053093
547,Elianore,Enderlein,2806627621
548,Elizabet,Antognelli,6169092661
549,Jerrilee,Yeo,6492543262
550,Starr,Youel,5377766644
551,Keelby,Tait,6312587118
552,Charity,Tuffell,5075185096
553,Rory,Brushfield,9365579945
554,Maud,Hyndley,1294406981
555,Cass,Pauletto,3511107474
556,Mylo,Seacroft,9610202233
557,Rodolfo,Godfroy,3842366175
558,Flori,Ricardo,9441054836
559,Haskel,Heinemann,6257853559
560,Denny,Brunelli,0666366519
561,Laurene,Thrussell,6469508502
562,Andrea,Romera,3395355276
563,Larine,Ife,5793813535
564,Bernice,Wager,9275574812
565,Avictor,Shuttleworth,2540527094
566,Asa,Goldhill,4756077161
567,Maddie,Prujean,7019278256
568,Sandye,Law,3216403408
569,Nevile,Willcox,2028684615
570,Jyoti,Brotheridge,4144176738
571,Broddie,Richter,4231826943
572,Rebekkah,Moat,3469420033
573,Rochell,Houseago,4777710998
574,Angelita,Lavelle,8221275492
575,Leelah,Berndt,1683586565
576,Lissie,Dillistone,8198436839
577,Terrance,Perche,9172852445
578,Wolf,Cavet,1041941897
579,Tatiania,Swadlinge,6986993080
580,Tripp,Jesse,7850672534
581,Cyrille,Presnall,0680956832
582,Cortie,Cudd,2938303467
583,Thacher,Yabsley,6528666954
584,Marjorie,Aleksashin,0165487844
585,Artemis,Banke,8759046015
586,Nancie,Catlette,1575550229
587,Chuck,Vidloc,6229795027
588,Madlin,Ferryman,2907716182
589,Richard,De Michele,6858625666
590,Cayla,Churchyard,7946183380
591,Danna,Yushkin,5658171865
592,Rivi,Siney,3494103690
593,Loydie,Makeswell,6505078487
594,Moses,Banger,6999068208
595,Joshuah,Lynthal,6740302383
596,Gracie,Cornelisse,6611598898
597,Suzann,Syrie,8503041715
598,Kassie,Breakspear,7817147221
599,Zahara,Fyldes,9911461750
600,Artur,Pedler,0177622822
601,Isaak,Rielly,2942508752
602,Addie,Meany,2726249639
603,Bonnie,Ambrozewicz,3412618624
604,Vanny,Digger,4884123158
605,Haroun,Renackowna,5194215541
606,Hyatt,Dudill,7666617046
607,Saunder,Saulter,2876917254
608,Bartholomeo,Physick,3308266598
609,Byrann,Tyndall,1584481803
610,Walliw,Byrde,1949995976
611,Wenonah,Wiper,3733920880
612,Sile,Shirtcliffe,6813661957
613,Thalia,Aberdein,1293097977
614,Leelah,Wyper,5445163377
615,Jess,Boothroyd,8299822580
616,Melamie,Tourry,3535182662
617,Jamesy,Bonanno,4971342184
618,Candide,Kermitt,6065505471
619,Truman,Ropartz,0562032673
620,Humfrey,Wilsdon,6365973918
621,Amandie,Eles,5501216361
622,Valentine,Hawke,4651997198
623,Ty,Borsnall,6180912998
624,Nikos,Jelfs,5515178963
625,Noe,Donovin,0197288014
626,Bret,Andrys,0800306708
627,Lina,Ferrarini,6613347418
628,Lamond,Derham,4343362248
629,Zachery,Lavallin,8071901563
630,Wood,Lawlance,1382763247
631,Reidar,Voelker,6023369197
632,Willyt,Priestner,9083818330
633,Maryl,Goranov,3348731607
634,Marguerite,Wildash,4206609799
635,Ema,Huncoot,3305055448
636,Nicolette,Roadknight,2630878562
637,Dill,Koppelmann,2778772367
638,Chrisy,Bohan,7688905699
639,Gareth,Thomen,5250874487
640,Cecil,Bagnold,0672609665
641,Lelah,Hartil,0129383325
642,Zebulon,Blanchard,9235751101
643,Tamiko,Jezard,7964383329
644,Lana,Nary,1775940306
645,Nollie,Devanny,7290000382
646,Lolly,Doggart,7599462775
647,Jeremie,Sucre,3345456451
648,Dur,Loffhead,5971111620
649,Giffer,Slocomb,4714975765
650,Natalie,Lomen,2859464077
651,Delly,McKeefry,8113301372
652,Had,Lyptrit,6747867912
653,Bethina,Grishmanov,1200132785
654,Gabbey,Fellis,6433447368
655,Isadora,Sallowaye,7546116171
656,Russell,MacCombe,5136282819
657,Brittan,Gretham,6655167019
658,May,Ramsbottom,4457867195
659,Isidore,Assaf,3466994519
660,Paolina,Dinnington,8508997884
661,Jannel,Rheubottom,2782690205
662,Zachariah,Comettoi,1382218990
663,Ben,Mayor,9719632917
664,Leila,Arnau,5314258838
665,Elsi,McEvilly,1851681477
666,Brianna,Kunat,4864724253
667,Perle,Dorricott,7916732688
668,Beck,Fuke,0715031856
669,Yanaton,Handke,1080285121
670,Creigh,Russen,9735641879
671,Jackqueline,Morriarty,2669306705
672,Kaylyn,Fraine,2231899892
673,Carree,Welbrock,1956970673
674,Bridget,Letten,8530162730
675,Boyd,Lovie,5725376362
676,Ardra,Flarity,1029532214
677,Lebbie,Glowacha,3785617038
678,Biron,Bompas,1310728089
679,Cameron,Bockmaster,0613543904
680,Rey,Mc Faul,6714131003
681,Whitaker,Sellens,0755794532
682,Duky,Grisbrook,3632441529
683,Barnie,Windle,1641336420
684,Bridgette,Burkin,7709542174
685,Cecilla,Blowfield,1279237228
686,Nolan,Wickes,8233572225
687,Devland,Wyllie,7762717943
688,Neil,Roma,3141624720
689,Madlin,Iacomo,8718812732
690,Hubie,Officer,8445728296
691,Casey,Beedell,4844306243
692,Brit,Thorp,6955714031
693,Consuelo,Shay,3262000612
694,Zita,Risso,2266716670
695,Trevor,Tame,5023689638
696,Bernice,Matiasek,5052414730
697,Clemente,Khilkov,3698135825
698,Orelee,Rathborne,5144910025
699,Davey,Raiment,5258632229
700,Desdemona,Sawl,5342656222
701,Gunilla,Mizzi,2426572019
702,Mara,Levins,1493790277
703,Beck,Pentercost,6851835924
704,Luis,Thridgould,7976036513
705,Josiah,Cosford,9312986570
706,Clair,Sibbons,8064971055
707,Marijo,Sharrard,3619795762
708,Samson,Jerman,6256499794
709,Kristoffer,Dagless,8946464305
710,Norene,Santori,7379938584
711,Davine,Robinett,1768082006
712,Peggy,Spada,6035610676
713,Kirsti,Manley,1479395463
714,Fitzgerald,Ransbury,3230120345
715,Rockie,Padson,9071556441
716,Hadley,Tant,3402919095
717,Clementia,Buckett,2319839887
718,Hi,Heaphy,2714819893
719,Thomasa,Woolveridge,3666104525
720,Joshua,Anstis,4403278841
721,Celie,Roxburgh,0911855025
722,Celesta,Quittonden,3133822586
723,Erl,Moran,0745315542
724,Jewelle,Renforth,3904085859
725,Aaron,Fowkes,3236540745
726,Thain,Teaser,3743368323
727,Donalt,Grimestone,4548662251
728,Thaine,Janway,9198580221
729,Reta,Manna,4473435644
730,Bernarr,Kolakowski,4319077245
731,Cello,Oluwatoyin,0637469690
732,Donavon,Asquez,8267052011
733,Salomi,Corrie,5915612857
734,Bendick,Silvester,4393788672
735,Anatola,Nowick,0966783360
736,Ephraim,Stiegar,9604502409
737,Josephine,Snazle,8126867094
738,Darius,Brangan,0042584817
739,Teirtza,Belcher,0555355403
740,Sondra,Dandison,1609423445
741,Kerrill,Eadmead,6727485453
742,Birch,Candwell,7395667042
743,Bathsheba,Dellar,5413406231
744,Fidela,Perkins,1897983182
745,Dickie,Kalderon,9650688234
746,Roseanne,Copplestone,3059193606
747,Inna,Shermore,3358666859
748,Dulcinea,Bricham,4714864068
749,Boycey,Szymonwicz,7849649087
750,Berget,Bencher,1466261609
751,Demetri,Ryde,9390483360
752,Regan,Mitten,2669451365
753,Deeann,Ziemke,2826242164
754,Rosalinde,Fairlam,7089856208
755,Gabey,McGlynn,4809948269
756,Casper,Flament,9937567165
757,Kilian,Creer,2853978397
758,Harmony,Ruppert,9864367382
759,Bessy,Funnell,0278412874
760,Jakie,Celes,5064414137
761,Gwendolen,Delbergue,8534487979
762,Irita,Plumridge,9470005732
763,Kelbee,Callister,6321024430
764,Luciana,Awcoate,3110017555
765,Ellynn,Garside,3626933997
766,Theo,Craddock,0308470486
767,Windham,Aartsen,2298782601
768,Adria,Grinstead,6063829512
769,Rozanne,Passler,3504736267
770,Sascha,Garard,7645179392
771,Heddie,Pancast,1729950116
772,Gypsy,Lennon,6552827652
773,Marcelia,Feavearyear,8300485120
774,Elihu,Sworn,2985454077
775,Kristyn,O'Gorman,2129549071
776,Bambie,Matusovsky,7126837771
777,Kaitlyn,Etchells,1843685531
778,Marie-jeanne,Gunton,6808786925
779,Ronnie,Jaffa,9345945962
780,Devi,Stempe,5467691198
781,Alain,Sherr,0955847370
782,Joellen,Byles,0861286812
783,Mendy,Waddam,8181104854
784,Devi,Sineath,6777133755
785,Bambie,Main,3426028506
786,Candy,Le Pine,0590195379
787,Melisande,Bilyard,1592788610
788,Marve,Costellow,9471756111
789,Caren,Fairholme,5816665391
790,Clarie,Curl,6309592572
791,Annabela,Fawdry,6794855542
792,Rollie,Carrol,1690257806
793,Gae,Cisco,8420767662
794,Ina,Cellier,6901398093
795,Grady,Cunah,8820647141
796,Haroun,Broggelli,7195516083
797,Lucilia,Ewdale,7096080783
798,Annabel,Vasiltsov,0455073430
799,Ola,Peppett,2822424489
800,Gavan,Gallie,2957953552
801,Kimbra,Chimes,2408361400
802,Phip,Pickavance,2938430213
803,Gerry,Nichols,9998446384
804,Duky,Bellworthy,9719430494
805,Nike,Trazzi,2968080040
806,Alec,Lloyd,7552360836
807,Bill,Prettyjohn,3881779582
808,Derron,Hellin,5240288275
809,Law,Pimlott,5607073661
810,Lynnelle,Condell,7085746718
811,Gratia,Hansard,9266742023
812,Perice,Kyle,8421207237
813,Essie,Ashlin,7251938162
814,Sileas,Sterman,9664166308
815,Cora,Crewther,3944973585
816,Sybil,Mackriell,8994751416
817,Zita,Fielding,5305419506
818,Sargent,Kill,2542975337
819,Rozina,Meneur,3671539151
820,Randall,Wisden,4381838645
821,Fidole,Cicco,0257085688
822,Benedetta,Meatcher,1904892515
823,Hodge,Kemer,0256476845
824,Shea,Pattrick,8700928909
825,Katusha,Duiguid,3370593823
826,Arther,McCray,8728767802
827,Jeromy,Sprowles,8481932582
828,Ugo,Harryman,9577403522
829,Jackqueline,Emblin,2118350821
830,Kelcie,Ricardin,7014451723
831,Charmane,Millsom,3905565919
832,Ross,Chatin,4151816690
833,Gunilla,Baldazzi,9316333245
834,Larine,Weond,8996605182
835,Say,Wellbelove,9133362432
836,Constance,Abramzon,2640283340
837,Minor,Guidotti,6135900145
838,Chrissy,Gatfield,4848526124
839,Cody,Sergant,5538186989
840,Michelina,Rolph,2858202222
841,Ax,Guard,5070874365
842,Dagmar,Manville,6906477943
843,Evaleen,Wolfit,0741751518
844,Carolee,Grahlman,5995061305
845,Rene,Dronsfield,1685137806
846,Leta,Guerrin,8876290869
847,Petronille,McClune,8993509514
848,Kaila,Moorman,5304388046
849,Trudie,Pohlke,5145218591
850,Shaine,Mackelworth,8001041751
851,Christophorus,Hansell,2935098609
852,Prent,Tutchener,4261790688
853,Eydie,Nafziger,5543001371
854,Jenine,Daber,4807784048
855,Francisco,McNiff,3149516439
856,Koo,Cartmail,6300920046
857,Harcourt,Wordesworth,1503804305
858,Kevin,Kohn,9163937131
859,Artemas,Broggini,5106848199
860,Adham,Ashman,4405988951
861,Dyna,O'Heneghan,4044892652
862,Pearline,Harg,1477117261
863,Hildegaard,Cadagan,6303914934
864,Eda,Sutterby,7568740471
865,Edd,Abramovicz,6547357759
866,Layton,Bottrell,3658878096
867,Genevieve,Mattiacci,5404763922
868,Amerigo,Puttergill,7851141761
869,Marys,Klyn,6798213448
870,Enos,Dewhirst,8815141219
871,Myriam,Shalcras,9409095824
872,Riccardo,Orrey,9075126859
873,Barbra,Iskow,4382525241
874,Rosaleen,Dargie,7215924173
875,Rolf,Kirsopp,6898534726
876,Joshua,Birwhistle,9713633040
877,Dotti,Malatalant,4091408575
878,Jake,Snawdon,7671544019
879,Wood,Hatchett,9222042263
880,Charmion,Kinkaid,0339430605
881,Tamas,Whanstall,6310539906
882,Burty,Bowkett,7710052746
883,Carlyle,Renackowna,8973228447
884,Andres,Matussov,8344506166
885,Hynda,Gilhooley,5267820245
886,Loree,Borgesio,0442438974
887,Wendie,Forten,3730401254
888,Welch,Cosbee,4089136946
889,Wit,Olivey,2500687481
890,Ulrike,Shelliday,8744501587
891,Gale,Devo,6865393058
892,Vinson,Pont,5341828135
893,Annalise,Chancellor,1763261271
894,Thomasine,Eburne,8316060744
895,Dov,Fawdrie,4114206906
896,Emma,Ginie,4627657153
897,Lorry,Kelinge,1411102703
898,Kerwinn,Feary,6924590330
899,Candace,Biaggioni,8491694323
900,Minna,Borlease,3073454799
901,Faustine,Beneix,4758305366
902,Maggy,Thexton,9318157541
903,Prinz,McMechan,2981847678
904,Jerald,Carley,4273222205
905,Cirillo,Gytesham,1876229462
906,Tobe,Dohrmann,9351258912
907,Brittaney,Tewkesbury,1813908281
908,Evey,Almack,6940744886
909,Dominick,Vasovic,4193718808
910,Bridie,Whaley,1954093187
911,Jocelyne,Juniper,0061807419
912,Gary,Dunrige,8207720670
913,Jaime,Pressdee,0407223037
914,Lanny,Kilcullen,3986234306
915,Joela,McInnerny,5955533583
916,Jandy,Mc Dermid,8432008788
917,Julienne,Domelaw,6957170853
918,Nicolette,Turfs,4795276714
919,Adriaens,Hallgalley,9246046528
920,Hetti,Clowsley,2962416802
921,Elyse,Diamond,4635593290
922,Dewey,Steutly,2710002108
923,Manny,Manueli,8255486569
924,Tildy,Skaife,6782659891
925,Saxe,Lampkin,6522277867
926,Latashia,Loxton,2530231761
927,Callie,Larrat,9783568574
928,Torrin,Gout,1498492827
929,Filip,Conwell,6358840355
930,Cherilynn,Kilfeather,3258109397
931,Dido,Arthan,2042815330
932,Mitchael,Petchell,5776814049
933,Ruthi,Baines,7821644544
934,Ninnetta,Jocelyn,3579693662
935,Igor,Scuse,5080292369
936,Pail,Comley,6521778633
937,Fianna,Lieber,6676983672
938,Goldy,Tal,6216953338
939,Lotte,Flament,7427682904
940,Andree,Redfield,2312453223
941,Leia,Hamblin,2990769846
942,Winna,Kertess,3071609949
943,Sloane,Pallatina,1521469725
944,Ingaborg,Ibeson,8528405990
945,Vivyanne,Dotson,0942060814
946,Lotta,Mainland,7562645272
947,Hinze,McMeyler,2488331155
948,Nigel,Althrop,7180177377
949,Hi,Pinnington,7126721722
950,Cristy,Mallard,6493657547
951,Sadye,Davys,6098974500
952,Annabela,Grimmett,4731249880
953,Erasmus,Gethyn,8020338012
954,Daphna,Pepperrall,9345027440
955,Edgard,Peet,2572293021
956,Shaun,Crudgington,6309218719
957,Mace,Largan,4525552948
958,Mirilla,Dowbiggin,1961744627
959,Dougy,Thuillier,2201390355
960,Ashby,Harrison,0815037171
961,Merill,Kier,1975078632
962,Keen,Matfield,9601739963
963,Sterne,Ege,4300032890
964,Francklin,Gadaud,3219272835
965,Eddie,Lounds,0082196052
966,Kliment,Vyel,4949104853
967,Radcliffe,Leger,9422848180
968,Charita,Halleybone,0552224138
969,Cindi,Ferriby,5270024012
970,Hertha,Dewsbury,0450503291
971,Nathan,Jerrams,4578385027
972,Babara,Doogood,6696223967
973,Tedda,Kermannes,8468522163
974,Coral,Daskiewicz,6043166356
975,Karlens,Rendle,8647221168
976,Xever,O'Scanlon,8194329876
977,Agatha,Jaquet,2278532960
978,Margaretta,Schistl,0223816264
979,Rachele,Ilive,2794451057
980,Georas,Dudbridge,8007307206
981,Tildy,Gallahar,8513040940
982,Justino,Spilling,8342347699
983,Filippa,Spennock,3714644091
984,Gabriell,Dingley,9719580070
985,Heinrick,State,7212655066
986,Norrie,Sandaver,1146362234
987,Gavan,Blackborne,0833021680
988,La verne,Pierucci,4197443307
989,Rosamond,Windebank,3690592925
990,Abagail,Dedman,9599963792
991,Gwenny,Kundert,3075635820
992,Gabbey,Bodill,6354990905
993,Cosimo,Lideard,7399908494
994,Jeremie,Ogus,0874828848
995,Neille,Watmore,7855251405
996,Duane,Latham,3191350446
997,Brandise,Tuffell,0396454585
998,Baxy,Sproson,8740506444
999,Bern,Marousek,4478317518
1000,Allys,Milburne,6965710241
